<beans xmlns="http://www.springframework.org/schema/beans"
	xmlns:xsi="http://www.w3.org/2001/XMLSchema-instance" 
	xmlns:context="http://www.springframework.org/schema/context"
		xmlns:tx="http://www.springframework.org/schema/tx"
	xsi:schemaLocation="http://www.springframework.org/schema/beans
	http://www.springframework.org/schema/beans/spring-beans.xsd
	http://www.springframework.org/schema/context
	http://www.springframework.org/schema/context/spring-context.xsd
	http://www.springframework.org/schema/tx
	http://www.springframework.org/schema/tx/spring-tx.xsd">

	<!-- Loading of Annotated classes/beans -->
	<context:component-scan base-package="com.lti.controller,com.lti.service,com.lti.repository" />

	<!-- DataSource configuration -->
	<bean id="dataSource" class="org.apache.commons.dbcp2.BasicDataSource"
		destroy-method="close">
		<property name="driverClassName" value="oracle.jdbc.driver.OracleDriver" />
		<property name="url" value="jdbc:oracle:thin:@192.168.100.233:1521:XE" />
		<property name="username" value="OnlineExam" />
		<property name="password" value="admin" />
	</bean>

	<!-- ======= Hibernate/JPA Configuration ========= -->
	<!-- This configuration below will help us
		create the EntityManagerFactory and EntityManager
		objects. Also there is no need to create a separate
		META-INF/persistence.xml file, all the ORM specific
		settings can be done within this bean configuration itself -->
	<bean id="myEmf"
		class="org.springframework.orm.jpa.LocalContainerEntityManagerFactoryBean">
		<property name="dataSource" ref="dataSource" /> <!-- DB -->
		<property name="packagesToScan" value="com.lti.model" /> <!-- Location of @Entity classes -->
		<property name="jpaVendorAdapter">
			<bean class="org.springframework.orm.jpa.vendor.HibernateJpaVendorAdapter" />
		</property>
		<property name="jpaProperties">
			<props>
				<prop key="hibernate.show_sql">true</prop>
				<prop key="hibernate.hbm2ddl.auto">update</prop>
				
				
			</props>
		</property>
	</bean>
	

	<!-- Providing support for transaction management -->
	<bean id="transactionManager" class="org.springframework.orm.jpa.JpaTransactionManager">
		<property name="entityManagerFactory" ref="myEmf" />
	</bean>
	
	<tx:annotation-driven />
	
	
	<!-- MailSender configuration -->
	<bean id="mailSender" class="org.springframework.mail.javamail.JavaMailSenderImpl">
        <property name="host" value="smtp.gmail.com"/>
        <property name="port" value="587" />
        <property name="username" value="examportal9@gmail.com"/>
        <property name="password" value="EXAMportal"/>
        <property name="javaMailProperties">
            <props>
                <prop key="mail.transport.protocol">smtp</prop>
                <prop key="mail.smtp.auth">true</prop>
                <prop key="mail.smtp.starttls.enable">true</prop>
                <prop key="mail.debug">true</prop>
                <prop key="mail.smtp.connecttimeout">50000</prop>
                <prop key="mail.smtp.timeout">30000</prop>
                <prop key="mail.smtp.writetimeout">50000</prop>
                <prop key="mail.smtp.starttls.required">true</prop>
            </props>
        </property>
    </bean>
    
    <bean id="preConfiguredMessage" class="org.springframework.mail.SimpleMailMessage">
        <property name="from" value="utkarsh.sharma@lntinfotech.com"></property>
    </bean>
    
   



    

</beans>